GO:0044424	C	1.00	intracellular part
GO:0043229	C	0.91	intracellular organelle
GO:0044444	C	0.81	cytoplasmic part
GO:0005737	C	0.77	cytoplasm
GO:0043231	C	0.74	intracellular membrane-bounded organelle
GO:0032991	C	0.71	macromolecular complex
GO:0030529	C	0.68	intracellular ribonucleoprotein complex
GO:0043232	C	0.63	intracellular non-membrane-bounded organelle
GO:0005634	C	0.54	nucleus
GO:0016020	C	0.52	membrane
GO:0044446	C	0.46	intracellular organelle part
GO:0005829	C	0.45	cytosol
GO:0005739	C	0.42	mitochondrion
GO:0016442	C	0.35	RISC complex
GO:0044421	C	0.32	extracellular region part
GO:0043234	C	0.32	protein complex
GO:0031988	C	0.32	membrane-bounded vesicle
GO:0005576	C	0.30	extracellular region
GO:0070062	C	0.28	extracellular exosome
GO:0036464	C	0.28	cytoplasmic ribonucleoprotein granule
GO:0005886	C	0.26	plasma membrane
GO:0005911	C	0.25	cell-cell junction
GO:0044428	C	0.24	nuclear part
GO:0005875	C	0.24	microtubule associated complex
GO:0005811	C	0.24	lipid particle
GO:0043186	C	0.23	P granule
GO:0097433	C	0.18	dense body
GO:0005913	C	0.18	cell-cell adherens junction
GO:0005622	C	0.15	intracellular
GO:0071546	C	0.14	pi-body
GO:0016023	C	0.14	cytoplasmic, membrane-bounded vesicle
GO:0005694	C	0.14	chromosome
GO:0005840	C	0.11	ribosome
