GO:0003824	F	0.90	catalytic activity
GO:0016787	F	0.88	hydrolase activity
GO:0016788	F	0.84	hydrolase activity, acting on ester bonds
GO:0004518	F	0.83	nuclease activity
GO:1901363	F	0.64	heterocyclic compound binding
GO:0097159	F	0.64	organic cyclic compound binding
GO:0003676	F	0.45	nucleic acid binding
GO:0003723	F	0.43	RNA binding
GO:0003712	F	0.37	transcription cofactor activity
GO:0043169	F	0.31	cation binding
GO:0044822	F	0.30	poly(A) RNA binding
GO:0005524	F	0.30	ATP binding
GO:0098641	F	0.26	cadherin binding involved in cell-cell adhesion
GO:0070011	F	0.16	peptidase activity, acting on L-amino acid peptides
GO:0008236	F	0.13	serine-type peptidase activity
GO:0004521	F	0.12	endoribonuclease activity
GO:0004520	F	0.12	endodeoxyribonuclease activity
