GO:0009987	P	0.96	cellular process
GO:0071704	P	0.86	organic substance metabolic process
GO:0044238	P	0.84	primary metabolic process
GO:0044699	P	0.83	single-organism process
GO:0044763	P	0.82	single-organism cellular process
GO:0044237	P	0.82	cellular metabolic process
GO:0043170	P	0.82	macromolecule metabolic process
GO:0006807	P	0.82	nitrogen compound metabolic process
GO:0034641	P	0.81	cellular nitrogen compound metabolic process
GO:0006139	P	0.75	nucleobase-containing compound metabolic process
GO:0090304	P	0.74	nucleic acid metabolic process
GO:0044260	P	0.62	cellular macromolecule metabolic process
GO:0001649	P	0.53	osteoblast differentiation
GO:0090305	P	0.49	nucleic acid phosphodiester bond hydrolysis
GO:0016070	P	0.48	RNA metabolic process
GO:1901575	P	0.41	organic substance catabolic process
GO:0051704	P	0.41	multi-organism process
GO:1901576	P	0.40	organic substance biosynthetic process
GO:0044249	P	0.40	cellular biosynthetic process
GO:0031047	P	0.40	gene silencing by RNA
GO:1901564	P	0.38	organonitrogen compound metabolic process
GO:0009057	P	0.38	macromolecule catabolic process
GO:0044710	P	0.36	single-organism metabolic process
GO:0006401	P	0.36	RNA catabolic process
GO:0044281	P	0.30	small molecule metabolic process
GO:0098609	P	0.28	cell-cell adhesion
GO:0044271	P	0.28	cellular nitrogen compound biosynthetic process
GO:0016032	P	0.28	viral process
GO:0006810	P	0.28	transport
GO:0006355	P	0.28	regulation of transcription, DNA-templated
GO:0034645	P	0.27	cellular macromolecule biosynthetic process
GO:0016441	P	0.26	posttranscriptional gene silencing
GO:0006082	P	0.25	organic acid metabolic process
GO:0006308	P	0.24	DNA catabolic process
GO:1901566	P	0.22	organonitrogen compound biosynthetic process
GO:0044711	P	0.20	single-organism biosynthetic process
GO:0044267	P	0.18	cellular protein metabolic process
GO:0009405	P	0.17	pathogenesis
GO:0006412	P	0.17	translation
GO:0050896	P	0.16	response to stimulus
GO:0006886	P	0.16	intracellular protein transport
GO:0006629	P	0.16	lipid metabolic process
GO:0042221	P	0.15	response to chemical
GO:0044351	P	0.14	macropinocytosis
GO:0016053	P	0.14	organic acid biosynthetic process
GO:0006950	P	0.13	response to stress
GO:0006418	P	0.13	tRNA aminoacylation for protein translation
GO:1901135	P	0.12	carbohydrate derivative metabolic process
GO:0046686	P	0.12	response to cadmium ion
GO:0009845	P	0.12	seed germination
GO:0009686	P	0.12	gibberellin biosynthetic process
GO:0009651	P	0.12	response to salt stress
GO:0006402	P	0.12	mRNA catabolic process
GO:0034654	P	0.11	nucleobase-containing compound biosynthetic process
