GO:0003824	F	0.86	catalytic activity
GO:0016787	F	0.83	hydrolase activity
GO:0016788	F	0.78	hydrolase activity, acting on ester bonds
GO:0004518	F	0.77	nuclease activity
GO:1901363	F	0.66	heterocyclic compound binding
GO:0097159	F	0.66	organic cyclic compound binding
GO:0003676	F	0.49	nucleic acid binding
GO:0003723	F	0.47	RNA binding
GO:0003712	F	0.40	transcription cofactor activity
GO:0044822	F	0.34	poly(A) RNA binding
GO:0043169	F	0.31	cation binding
GO:0005524	F	0.29	ATP binding
GO:0098641	F	0.25	cadherin binding involved in cell-cell adhesion
GO:0070011	F	0.16	peptidase activity, acting on L-amino acid peptides
GO:0008236	F	0.13	serine-type peptidase activity
GO:0004521	F	0.11	endoribonuclease activity
GO:0004520	F	0.11	endodeoxyribonuclease activity
GO:0003713	F	0.11	transcription coactivator activity
