GO:0009987	P	0.96	cellular process
GO:0044699	P	0.86	single-organism process
GO:0044763	P	0.85	single-organism cellular process
GO:0071704	P	0.83	organic substance metabolic process
GO:0044238	P	0.81	primary metabolic process
GO:0044237	P	0.80	cellular metabolic process
GO:0043170	P	0.79	macromolecule metabolic process
GO:0006807	P	0.79	nitrogen compound metabolic process
GO:0034641	P	0.78	cellular nitrogen compound metabolic process
GO:0006139	P	0.72	nucleobase-containing compound metabolic process
GO:0090304	P	0.70	nucleic acid metabolic process
GO:0044260	P	0.58	cellular macromolecule metabolic process
GO:0060255	P	0.55	regulation of macromolecule metabolic process
GO:0031047	P	0.53	gene silencing by RNA
GO:0001649	P	0.51	osteoblast differentiation
GO:0090305	P	0.47	nucleic acid phosphodiester bond hydrolysis
GO:0080090	P	0.45	regulation of primary metabolic process
GO:0031323	P	0.45	regulation of cellular metabolic process
GO:0016441	P	0.44	posttranscriptional gene silencing
GO:2000112	P	0.42	regulation of cellular macromolecule biosynthetic process
GO:0051171	P	0.42	regulation of nitrogen compound metabolic process
GO:0016070	P	0.42	RNA metabolic process
GO:0051704	P	0.40	multi-organism process
GO:1901576	P	0.38	organic substance biosynthetic process
GO:1901564	P	0.38	organonitrogen compound metabolic process
GO:0044249	P	0.38	cellular biosynthetic process
GO:1901575	P	0.34	organic substance catabolic process
GO:0044710	P	0.33	single-organism metabolic process
GO:0009057	P	0.31	macromolecule catabolic process
GO:0006401	P	0.29	RNA catabolic process
GO:0044271	P	0.28	cellular nitrogen compound biosynthetic process
GO:0044764	P	0.27	multi-organism cellular process
GO:0044419	P	0.27	interspecies interaction between organisms
GO:0044281	P	0.27	small molecule metabolic process
GO:0034645	P	0.27	cellular macromolecule biosynthetic process
GO:0098609	P	0.26	cell-cell adhesion
GO:0032268	P	0.26	regulation of cellular protein metabolic process
GO:0016032	P	0.26	viral process
GO:0006810	P	0.26	transport
GO:0006355	P	0.26	regulation of transcription, DNA-templated
GO:1901566	P	0.22	organonitrogen compound biosynthetic process
GO:0035195	P	0.22	gene silencing by miRNA
GO:0006082	P	0.22	organic acid metabolic process
GO:0006308	P	0.19	DNA catabolic process
GO:0044267	P	0.18	cellular protein metabolic process
GO:0044711	P	0.17	single-organism biosynthetic process
GO:0009405	P	0.17	pathogenesis
GO:0006412	P	0.17	translation
GO:0006886	P	0.16	intracellular protein transport
GO:0050896	P	0.13	response to stimulus
GO:0006629	P	0.13	lipid metabolic process
GO:0006418	P	0.13	tRNA aminoacylation for protein translation
GO:1901135	P	0.12	carbohydrate derivative metabolic process
GO:0042221	P	0.12	response to chemical
GO:0044351	P	0.11	macropinocytosis
GO:0034654	P	0.11	nucleobase-containing compound biosynthetic process
GO:0016053	P	0.11	organic acid biosynthetic process
