GO:0044464	C	0.99	cell part
GO:0044424	C	0.97	intracellular part
GO:0043229	C	0.88	intracellular organelle
GO:0005737	C	0.75	cytoplasm
GO:0043231	C	0.74	intracellular membrane-bounded organelle
GO:0044444	C	0.73	cytoplasmic part
GO:0032991	C	0.65	macromolecular complex
GO:0030529	C	0.61	intracellular ribonucleoprotein complex
GO:0043232	C	0.59	intracellular non-membrane-bounded organelle
GO:0005634	C	0.57	nucleus
GO:0016020	C	0.53	membrane
GO:0005739	C	0.44	mitochondrion
GO:0044446	C	0.40	intracellular organelle part
GO:0005829	C	0.33	cytosol
GO:0044421	C	0.31	extracellular region part
GO:0036464	C	0.30	cytoplasmic ribonucleoprotein granule
GO:0070062	C	0.29	extracellular exosome
GO:0005576	C	0.29	extracellular region
GO:0005911	C	0.27	cell-cell junction
GO:0044428	C	0.26	nuclear part
GO:0005886	C	0.25	plasma membrane
GO:0043234	C	0.23	protein complex
GO:0043186	C	0.23	P granule
GO:0016442	C	0.23	RISC complex
GO:0097433	C	0.19	dense body
GO:0005913	C	0.19	cell-cell adherens junction
GO:0005622	C	0.15	intracellular
GO:0071546	C	0.14	pi-body
GO:0005875	C	0.14	microtubule associated complex
GO:0005811	C	0.14	lipid particle
GO:0005694	C	0.14	chromosome
GO:0005840	C	0.11	ribosome
